[
  {
    "id": "df9b3dea-e185-4279-827f-664e3241796f",
    "data": [
      {
        "text": "Meu pedido",
        "userDefined": false
      }
    ],
    "isTemplate": false,
    "count": 0,
    "lang": "pt-br",
    "updated": 0
  },
  {
    "id": "f1298c31-20c2-42d2-9369-5c8333a0d889",
    "data": [
      {
        "text": "O pedido ",
        "userDefined": false
      },
      {
        "text": "3",
        "meta": "@sys.number-integer",
        "alias": "numero_pedido",
        "userDefined": false
      },
      {
        "text": " está pronto?",
        "userDefined": false
      }
    ],
    "isTemplate": false,
    "count": 0,
    "lang": "pt-br",
    "updated": 0
  },
  {
    "id": "e20399d8-50a3-43c7-ab69-5af115cbe013",
    "data": [
      {
        "text": "Status pedido ",
        "userDefined": false
      },
      {
        "text": "10",
        "meta": "@sys.number-integer",
        "alias": "numero_pedido",
        "userDefined": false
      }
    ],
    "isTemplate": false,
    "count": 0,
    "lang": "pt-br",
    "updated": 0
  },
  {
    "id": "edb4f421-5b86-49a8-81eb-6bfba3a67364",
    "data": [
      {
        "text": "12",
        "meta": "@sys.number-integer",
        "alias": "numero_pedido",
        "userDefined": false
      }
    ],
    "isTemplate": false,
    "count": 0,
    "lang": "pt-br",
    "updated": 0
  },
  {
    "id": "f9dae3cf-5360-4241-9cba-051d935a3560",
    "data": [
      {
        "text": "Consultar ",
        "userDefined": false
      },
      {
        "text": "4223",
        "meta": "@sys.number-integer",
        "alias": "numero_pedido",
        "userDefined": true
      }
    ],
    "isTemplate": false,
    "count": 0,
    "lang": "pt-br",
    "updated": 0
  },
  {
    "id": "b058bacc-9cba-4d08-b19c-c46be11ce2ef",
    "data": [
      {
        "text": "Pedido ",
        "userDefined": false
      },
      {
        "text": "1234",
        "meta": "@sys.number-integer",
        "alias": "numero_pedido",
        "userDefined": true
      }
    ],
    "isTemplate": false,
    "count": 0,
    "lang": "pt-br",
    "updated": 0
  },
  {
    "id": "bc1b9d97-8236-4fcf-8df1-441ed3f50070",
    "data": [
      {
        "text": "Consultar",
        "userDefined": false
      }
    ],
    "isTemplate": false,
    "count": 0,
    "lang": "pt-br",
    "updated": 0
  }
]