[
  {
    "id": "dfb1b51f-f859-4c28-ada4-53ed996e22ff",
    "data": [
      {
        "text": "esquece",
        "userDefined": false
      }
    ],
    "isTemplate": false,
    "count": 0,
    "lang": "pt-br",
    "updated": 0
  },
  {
    "id": "398f08d5-5899-4d0a-87be-af60e5adf4cf",
    "data": [
      {
        "text": "esqueça",
        "userDefined": false
      }
    ],
    "isTemplate": false,
    "count": 0,
    "lang": "pt-br",
    "updated": 0
  },
  {
    "id": "3bc6d35c-fd5e-4755-887e-cb9a6f5b7394",
    "data": [
      {
        "text": "pular",
        "userDefined": false
      }
    ],
    "isTemplate": false,
    "count": 1,
    "lang": "pt-br",
    "updated": 0
  },
  {
    "id": "c9888e90-5342-49f2-a97f-38267e966cf7",
    "data": [
      {
        "text": "pare",
        "userDefined": false
      }
    ],
    "isTemplate": false,
    "count": 3,
    "lang": "pt-br",
    "updated": 0
  },
  {
    "id": "48bd6c1c-e5d4-471d-935b-f7d63f794f05",
    "data": [
      {
        "text": "parar",
        "userDefined": false
      }
    ],
    "isTemplate": false,
    "count": 2,
    "lang": "pt-br",
    "updated": 0
  },
  {
    "id": "36b7e671-1f9c-4c31-bf6c-487497665618",
    "data": [
      {
        "text": "deixa pra lá",
        "userDefined": false
      }
    ],
    "isTemplate": false,
    "count": 1,
    "lang": "pt-br",
    "updated": 0
  },
  {
    "id": "0e94f3ef-13e1-43af-a411-857f04622f8d",
    "data": [
      {
        "text": "cancele",
        "userDefined": false
      }
    ],
    "isTemplate": false,
    "count": 0,
    "lang": "pt-br",
    "updated": 0
  },
  {
    "id": "150a0a65-8206-454b-9609-1dee38d3f773",
    "data": [
      {
        "text": "cancelar",
        "userDefined": false
      }
    ],
    "isTemplate": false,
    "count": 0,
    "lang": "pt-br",
    "updated": 0
  },
  {
    "id": "ee056a57-32c5-4392-a6a1-02472b96574e",
    "data": [
      {
        "text": "dispensar",
        "userDefined": false
      }
    ],
    "isTemplate": false,
    "count": 0,
    "lang": "pt-br",
    "updated": 0
  },
  {
    "id": "9da7773c-d652-440c-8106-083f7c31d9dc",
    "data": [
      {
        "text": "não faça nada",
        "userDefined": false
      }
    ],
    "isTemplate": false,
    "count": 3,
    "lang": "pt-br",
    "updated": 0
  }
]